{"cameraMode":{"drawMode":0,"name":"Shaded","section":"Shading Mode"},"sceneLighting":false,"audioPlay":false,"sceneViewState":{"showFog":true,"showMaterialUpdate":false,"showSkybox":true,"showFlares":true,"showImageEffects":true,"showParticleSystems":true},"in2DMode":false,"pivot":{"x":-83.43069458007813,"y":-0.2697887420654297,"z":4.150714874267578},"rotation":{"x":0.2973765432834625,"y":0.41673389077186587,"z":-0.14640894532203675,"w":0.8464422225952148},"size":11.468184471130371,"orthographic":false}