{"cameraMode":{"drawMode":0,"name":"Shaded","section":"Shading Mode"},"sceneLighting":false,"audioPlay":false,"sceneViewState":{"showFog":true,"showMaterialUpdate":false,"showSkybox":true,"showFlares":true,"showImageEffects":true,"showParticleSystems":true},"in2DMode":false,"pivot":{"x":-3.659790277481079,"y":-0.555605411529541,"z":0.5771617889404297},"rotation":{"x":-0.0429389551281929,"y":0.9300413727760315,"z":-0.11533627659082413,"w":-0.34623241424560549},"size":6.699899196624756,"orthographic":false}