{"cameraMode":{"drawMode":0,"name":"Shaded","section":"Shading Mode"},"sceneLighting":false,"audioPlay":false,"sceneViewState":{"showFog":true,"showMaterialUpdate":false,"showSkybox":true,"showFlares":true,"showImageEffects":true,"showParticleSystems":true},"in2DMode":false,"pivot":{"x":2.007962703704834,"y":0.41999998688697817,"z":-33.72999954223633},"rotation":{"x":-0.3050815761089325,"y":-0.27441197633743288,"z":0.0922776609659195,"w":-0.907253086566925},"size":2.5974950790405275,"orthographic":false}