{"cameraMode":{"drawMode":0,"name":"Shaded","section":"Shading Mode"},"sceneLighting":false,"audioPlay":false,"sceneViewState":{"showFog":true,"showMaterialUpdate":false,"showSkybox":true,"showFlares":true,"showImageEffects":true,"showParticleSystems":true},"in2DMode":false,"pivot":{"x":2.903017520904541,"y":4.318473815917969,"z":8.604971885681153},"rotation":{"x":0.06927470862865448,"y":-0.04157932847738266,"z":0.0028883987106382848,"w":0.9967265725135803},"size":10.660849571228028,"orthographic":false}