{"cameraMode":{"drawMode":0,"name":"Shaded","section":"Shading Mode"},"sceneLighting":false,"audioPlay":false,"sceneViewState":{"showFog":true,"showMaterialUpdate":false,"showSkybox":true,"showFlares":true,"showImageEffects":true,"showParticleSystems":true},"in2DMode":false,"pivot":{"x":-70.95806121826172,"y":0.5033353567123413,"z":-4.477560520172119},"rotation":{"x":-0.09611088782548905,"y":0.03343472257256508,"z":-0.0032305908389389517,"w":-0.9948037266731262},"size":6.753780841827393,"orthographic":false}