{"cameraMode":{"drawMode":0,"name":"Shaded","section":"Shading Mode"},"sceneLighting":false,"audioPlay":false,"sceneViewState":{"showFog":true,"showMaterialUpdate":false,"showSkybox":true,"showFlares":true,"showImageEffects":true,"showParticleSystems":true},"in2DMode":false,"pivot":{"x":38.26011276245117,"y":4.518023490905762,"z":-2.947037696838379},"rotation":{"x":0.015318101271986962,"y":-0.7921386361122131,"z":-0.019894860684871675,"w":-0.609824538230896},"size":21.742237091064454,"orthographic":false}