{"cameraMode":{"drawMode":0,"name":"Shaded","section":"Shading Mode"},"sceneLighting":false,"audioPlay":false,"sceneViewState":{"showFog":true,"showMaterialUpdate":false,"showSkybox":true,"showFlares":true,"showImageEffects":true,"showParticleSystems":true},"in2DMode":false,"pivot":{"x":0.1811981201171875,"y":46.71010971069336,"z":0.1969456672668457},"rotation":{"x":-0.22518745064735413,"y":-0.5989732146263123,"z":0.18057909607887269,"w":-0.7469356656074524},"size":119.986572265625,"orthographic":false}