{"cameraMode":{"drawMode":0,"name":"Shaded","section":"Shading Mode"},"sceneLighting":false,"audioPlay":false,"sceneViewState":{"showFog":true,"showMaterialUpdate":false,"showSkybox":true,"showFlares":true,"showImageEffects":true,"showParticleSystems":true},"in2DMode":false,"pivot":{"x":-1.7462539672851563,"y":-0.04755020886659622,"z":0.14558494091033936},"rotation":{"x":-0.0396990068256855,"y":0.7369319796562195,"z":-0.04344179853796959,"w":-0.673400342464447},"size":1.2646875381469727,"orthographic":false}