{"cameraMode":{"drawMode":0,"name":"Shaded","section":"Shading Mode"},"sceneLighting":true,"audioPlay":false,"sceneViewState":{"showFog":true,"showMaterialUpdate":false,"showSkybox":true,"showFlares":true,"showImageEffects":true,"showParticleSystems":true},"in2DMode":false,"pivot":{"x":-6.700323581695557,"y":-14.903251647949219,"z":3.0375213623046877},"rotation":{"x":-0.3998454511165619,"y":-0.01153381634503603,"z":0.005033829715102911,"w":-0.916496217250824},"size":291.70733642578127,"orthographic":false}