{"cameraMode":{"drawMode":0,"name":"Shaded","section":"Shading Mode"},"sceneLighting":false,"audioPlay":false,"sceneViewState":{"showFog":true,"showMaterialUpdate":false,"showSkybox":true,"showFlares":true,"showImageEffects":true,"showParticleSystems":true},"in2DMode":false,"pivot":{"x":-10.937777519226075,"y":4.167052268981934,"z":-39.17822265625},"rotation":{"x":0.049679260700941089,"y":0.08708841353654862,"z":-0.00434991717338562,"w":0.994951605796814},"size":2.205845355987549,"orthographic":false}