{"cameraMode":{"drawMode":0,"name":"Shaded","section":"Shading Mode"},"sceneLighting":false,"audioPlay":false,"sceneViewState":{"showFog":true,"showMaterialUpdate":false,"showSkybox":true,"showFlares":true,"showImageEffects":true,"showParticleSystems":true},"in2DMode":false,"pivot":{"x":-61.779998779296878,"y":3.7035717964172365,"z":5.400000095367432},"rotation":{"x":0.6147109270095825,"y":-0.04607025161385536,"z":0.036003924906253818,"w":0.786582350730896},"size":21.89641761779785,"orthographic":false}