{"cameraMode":{"drawMode":0,"name":"Shaded","section":"Shading Mode"},"sceneLighting":false,"audioPlay":false,"sceneViewState":{"showFog":true,"showMaterialUpdate":false,"showSkybox":true,"showFlares":true,"showImageEffects":true,"showParticleSystems":true},"in2DMode":false,"pivot":{"x":2.0814337730407717,"y":3.4965317249298097,"z":6.491421699523926},"rotation":{"x":0.0720410943031311,"y":-0.21343766152858735,"z":0.015784375369548799,"w":0.9741690754890442},"size":3.0868258476257326,"orthographic":false}