{"cameraMode":{"drawMode":0,"name":"Shaded","section":"Shading Mode"},"sceneLighting":false,"audioPlay":false,"sceneViewState":{"showFog":true,"showMaterialUpdate":false,"showSkybox":true,"showFlares":true,"showImageEffects":true,"showParticleSystems":true},"in2DMode":false,"pivot":{"x":3.667017936706543,"y":0.33569931983947756,"z":-26.257984161376954},"rotation":{"x":-0.08912470191717148,"y":-0.33781540393829348,"z":0.0321526974439621,"w":-0.9364314079284668},"size":19.895977020263673,"orthographic":false}