{"cameraMode":{"drawMode":0,"name":"Shaded","section":"Shading Mode"},"sceneLighting":false,"audioPlay":false,"sceneViewState":{"showFog":true,"showMaterialUpdate":false,"showSkybox":true,"showFlares":true,"showImageEffects":true,"showParticleSystems":true},"in2DMode":false,"pivot":{"x":-70.69999694824219,"y":3.7035722732543947,"z":5.239999771118164},"rotation":{"x":0.4378231465816498,"y":0.021854449063539506,"z":-0.010645524598658085,"w":0.8987324833869934},"size":21.851957321166993,"orthographic":false}