{"cameraMode":{"drawMode":0,"name":"Shaded","section":"Shading Mode"},"sceneLighting":false,"audioPlay":false,"sceneViewState":{"showFog":true,"showMaterialUpdate":false,"showSkybox":true,"showFlares":true,"showImageEffects":true,"showParticleSystems":true},"in2DMode":false,"pivot":{"x":0.32398247718811037,"y":-0.417209267616272,"z":-2.1797451972961427},"rotation":{"x":-0.02476695366203785,"y":0.9580785632133484,"z":-0.2717515826225281,"w":-0.08731101453304291},"size":4.121539115905762,"orthographic":false}