{"cameraMode":{"drawMode":0,"name":"Shaded","section":"Shading Mode"},"sceneLighting":false,"audioPlay":false,"sceneViewState":{"showFog":true,"showMaterialUpdate":false,"showSkybox":true,"showFlares":true,"showImageEffects":true,"showParticleSystems":true},"in2DMode":false,"pivot":{"x":-129.7749786376953,"y":1.2722631692886353,"z":8.41905403137207},"rotation":{"x":-0.048707135021686557,"y":0.658684253692627,"z":-0.0427960641682148,"w":-0.7496206760406494},"size":13.499906539916993,"orthographic":false}