{"cameraMode":{"drawMode":0,"name":"Shaded","section":"Shading Mode"},"sceneLighting":false,"audioPlay":false,"sceneViewState":{"showFog":true,"showMaterialUpdate":false,"showSkybox":true,"showFlares":true,"showImageEffects":true,"showParticleSystems":true},"in2DMode":false,"pivot":{"x":-78.08000183105469,"y":3.7035720348358156,"z":5.270000457763672},"rotation":{"x":0.6147109270095825,"y":-0.04607025161385536,"z":0.036003924906253818,"w":0.786582350730896},"size":17.12761116027832,"orthographic":false}