{"cameraMode":{"drawMode":0,"name":"Shaded","section":"Shading Mode"},"sceneLighting":false,"audioPlay":false,"sceneViewState":{"showFog":true,"showMaterialUpdate":false,"showSkybox":true,"showFlares":true,"showImageEffects":true,"showParticleSystems":true},"in2DMode":false,"pivot":{"x":-79.57637023925781,"y":0.6724386215209961,"z":-3.9978795051574709},"rotation":{"x":-0.2999873161315918,"y":-0.02804337628185749,"z":0.008822730742394925,"w":-0.9534900784492493},"size":2.2536909580230715,"orthographic":false}