{"cameraMode":{"drawMode":0,"name":"Shaded","section":"Shading Mode"},"sceneLighting":false,"audioPlay":false,"sceneViewState":{"showFog":true,"showMaterialUpdate":false,"showSkybox":true,"showFlares":true,"showImageEffects":true,"showParticleSystems":true},"in2DMode":false,"pivot":{"x":-69.25,"y":2.4515438079833986,"z":2.140000104904175},"rotation":{"x":0.6147109270095825,"y":-0.04607025161385536,"z":0.036003924906253818,"w":0.786582350730896},"size":16.457895278930665,"orthographic":false}