{"cameraMode":{"drawMode":0,"name":"Shaded","section":"Shading Mode"},"sceneLighting":false,"audioPlay":false,"sceneViewState":{"showFog":true,"showMaterialUpdate":false,"showSkybox":true,"showFlares":true,"showImageEffects":true,"showParticleSystems":true},"in2DMode":false,"pivot":{"x":-54.25,"y":3.7218990325927736,"z":5.519999980926514},"rotation":{"x":-0.12400194257497788,"y":0.5292800068855286,"z":-0.07853977382183075,"w":-0.835654079914093},"size":9.679457664489746,"orthographic":false}