{"cameraMode":{"drawMode":0,"name":"Shaded","section":"Shading Mode"},"sceneLighting":true,"audioPlay":false,"sceneViewState":{"showFog":true,"showMaterialUpdate":false,"showSkybox":true,"showFlares":true,"showImageEffects":true,"showParticleSystems":true},"in2DMode":false,"pivot":{"x":-0.06269152462482453,"y":0.650031328201294,"z":6.123903274536133},"rotation":{"x":-0.22479301691055299,"y":-0.025722220540046693,"z":0.005936333443969488,"w":-0.974048912525177},"size":39.182586669921878,"orthographic":false}