{"cameraMode":{"drawMode":0,"name":"Shaded","section":"Shading Mode"},"sceneLighting":false,"audioPlay":false,"sceneViewState":{"showFog":true,"showMaterialUpdate":false,"showSkybox":true,"showFlares":true,"showImageEffects":true,"showParticleSystems":true},"in2DMode":false,"pivot":{"x":-71.3878173828125,"y":0.5112872123718262,"z":-4.4715657234191898},"rotation":{"x":-0.21328841149806977,"y":-0.44135573506355288,"z":0.10885434597730637,"w":-0.8647912740707398},"size":5.257884502410889,"orthographic":false}